DATE,ICSA,CCNSA
1/7/1967,208000,1594000
1/14/1967,207000,1563000
1/21/1967,217000,1551000
1/28/1967,204000,1533000
2/4/1967,216000,1534000
2/11/1967,229000,1557000
2/18/1967,229000,1579000
2/25/1967,242000,1625000
3/4/1967,310000,1621000
3/11/1967,241000,1577000
3/18/1967,245000,1525000
3/25/1967,247000,1505000
4/1/1967,259000,1470000
4/8/1967,257000,1410000
4/15/1967,299000,1386000
4/22/1967,245000,1342000
4/29/1967,255000,1302000
5/6/1967,254000,1242000
5/13/1967,231000,1169000
5/20/1967,230000,1129000
5/27/1967,228000,1062000
6/3/1967,248000,1085000
6/10/1967,238000,1038000
6/17/1967,224000,1023000
6/24/1967,218000,1008000
7/1/1967,209000,980000
7/8/1967,240000,1139000
7/15/1967,241000,1212000
7/22/1967,240000,1184000
7/29/1967,209000,1205000
8/5/1967,221000,1174000
8/12/1967,202000,1132000
8/19/1967,215000,1064000
8/26/1967,213000,994000
9/2/1967,218000,931000
9/9/1967,231000,938000
9/16/1967,220000,891000
9/23/1967,209000,878000
9/30/1967,204000,860000
10/7/1967,231000,859000
10/14/1967,206000,901000
10/21/1967,223000,891000
10/28/1967,207000,893000
11/4/1967,222000,920000
11/11/1967,214000,951000
11/18/1967,198000,952000
11/25/1967,191000,1062000
12/2/1967,196000,1089000
12/9/1967,221000,1127000
12/16/1967,204000,1201000
12/23/1967,219000,1260000
12/30/1967,216000,1484000
1/6/1968,222000,1618000
1/13/1968,222000,1647000
1/20/1968,221000,1649000
1/27/1968,198000,1602000
2/3/1968,244000,1591000
2/10/1968,210000,1572000
2/17/1968,196000,1541000
2/24/1968,193000,1575000
3/2/1968,190000,1513000
3/9/1968,204000,1469000
3/16/1968,190000,1421000
3/23/1968,200000,1358000
3/30/1968,192000,1288000
4/6/1968,191000,1202000
4/13/1968,171000,1174000
4/20/1968,183000,1123000
4/27/1968,251000,1112000
5/4/1968,209000,1040000
5/11/1968,194000,1006000
5/18/1968,199000,966000
5/25/1968,194000,923000
6/1/1968,199000,916000
6/8/1968,192000,921000
6/15/1968,194000,883000
6/22/1968,189000,872000
6/29/1968,194000,858000
7/6/1968,214000,982000
7/13/1968,186000,1022000
7/20/1968,180000,975000
7/27/1968,205000,975000
8/3/1968,206000,1012000
8/10/1968,218000,1021000
8/17/1968,192000,994000
8/24/1968,193000,935000
8/31/1968,188000,845000
9/7/1968,189000,836000
9/14/1968,195000,805000
9/21/1968,191000,786000
9/28/1968,189000,785000
10/5/1968,185000,788000
10/12/1968,186000,790000
10/19/1968,191000,791000
10/26/1968,182000,797000
11/2/1968,181000,804000
11/9/1968,183000,839000
11/16/1968,192000,909000
11/23/1968,199000,922000
11/30/1968,162000,1002000
12/7/1968,188000,1033000
12/14/1968,195000,1074000
12/21/1968,192000,1083000
12/28/1968,223000,1352000
1/4/1969,190000,1532000
1/11/1969,191000,1509000
1/18/1969,192000,1469000
1/25/1969,193000,1474000
2/1/1969,203000,1487000
2/8/1969,197000,1440000
2/15/1969,192000,1498000
2/22/1969,192000,1461000
3/1/1969,201000,1437000
3/8/1969,191000,1400000
3/15/1969,189000,1342000
3/22/1969,181000,1279000
3/29/1969,183000,1200000
4/5/1969,182000,1197000
4/12/1969,190000,1145000
4/19/1969,187000,1089000
4/26/1969,177000,1019000
5/3/1969,177000,974000
5/10/1969,183000,945000
5/17/1969,179000,916000
5/24/1969,180000,883000
5/31/1969,187000,855000
6/7/1969,192000,848000
6/14/1969,182000,844000
6/21/1969,191000,843000
6/28/1969,203000,854000
7/5/1969,227000,949000
7/12/1969,210000,1033000
7/19/1969,206000,1012000
7/26/1969,192000,1041000
8/2/1969,196000,1061000
8/9/1969,203000,1023000
8/16/1969,199000,962000
8/23/1969,199000,912000
8/30/1969,195000,870000
9/6/1969,182000,872000
9/13/1969,209000,848000
9/20/1969,195000,823000
9/27/1969,193000,821000
10/4/1969,193000,830000
10/11/1969,200000,832000
10/18/1969,199000,864000
10/25/1969,205000,879000
11/1/1969,198000,902000
11/8/1969,211000,935000
11/15/1969,197000,1007000
11/22/1969,217000,1025000
11/29/1969,202000,1152000
12/6/1969,202000,1193000
12/13/1969,222000,1251000
12/20/1969,232000,1273000
12/27/1969,223000,1534000
1/3/1970,230000,1787000
1/10/1970,242000,1835000
1/17/1970,268000,1848000
1/24/1970,256000,1872000
1/31/1970,239000,1860000
2/7/1970,256000,1831000
2/14/1970,265000,1924000
2/21/1970,271000,1869000
2/28/1970,242000,1869000
3/7/1970,262000,1833000
3/14/1970,271000,1808000
3/21/1970,264000,1788000
3/28/1970,276000,1775000
4/4/1970,273000,1762000
4/11/1970,305000,1739000
4/18/1970,374000,1767000
4/25/1970,349000,1805000
5/2/1970,334000,1774000
5/9/1970,318000,1738000
5/16/1970,303000,1689000
5/23/1970,296000,1639000
5/30/1970,301000,1579000
6/6/1970,301000,1582000
6/13/1970,298000,1574000
6/20/1970,296000,1578000
6/27/1970,291000,1579000
7/4/1970,277000,1628000
7/11/1970,288000,1759000
7/18/1970,294000,1774000
7/25/1970,287000,1801000
8/1/1970,261000,1790000
8/8/1970,266000,1767000
8/15/1970,300000,1748000
8/22/1970,303000,1706000
8/29/1970,297000,1646000
9/5/1970,324000,1577000
9/12/1970,292000,1643000
9/19/1970,325000,1585000
9/26/1970,333000,1597000
10/3/1970,350000,1640000
10/10/1970,327000,1672000
10/17/1970,334000,1728000
10/24/1970,330000,1758000
10/31/1970,327000,1773000
11/7/1970,336000,1854000
11/14/1970,314000,2007000
11/21/1970,314000,1980000
11/28/1970,337000,2186000
12/5/1970,308000,2214000
12/12/1970,306000,2223000
12/19/1970,289000,2254000
12/26/1970,321000,2446000
1/2/1971,303000,2757000
1/9/1971,288000,2829000
1/16/1971,299000,2798000
1/23/1971,312000,2794000
1/30/1971,292000,2781000
2/6/1971,296000,2761000
2/13/1971,282000,2744000
2/20/1971,268000,2782000
2/27/1971,290000,2717000
3/6/1971,297000,2703000
3/13/1971,287000,2634000
3/20/1971,291000,2561000
3/27/1971,300000,2505000
4/3/1971,299000,2406000
4/10/1971,279000,2374000
4/17/1971,284000,2323000
4/24/1971,288000,2226000
5/1/1971,290000,2144000
5/8/1971,293000,2077000
5/15/1971,284000,2030000
5/22/1971,295000,1989000
5/29/1971,299000,1918000
6/5/1971,301000,1947000
6/12/1971,295000,1902000
6/19/1971,299000,1883000
6/26/1971,291000,1870000
7/3/1971,277000,1846000
7/10/1971,264000,2006000
7/17/1971,313000,1979000
7/24/1971,304000,1997000
7/31/1971,308000,2020000
8/7/1971,349000,2015000
8/14/1971,325000,1985000
8/21/1971,320000,1895000
8/28/1971,307000,1817000
9/4/1971,359000,1756000
9/11/1971,312000,1801000
9/18/1971,302000,1733000
9/25/1971,308000,1713000
10/2/1971,299000,1690000
10/9/1971,313000,1692000
10/16/1971,299000,1724000
10/23/1971,294000,1693000
10/30/1971,283000,1746000
11/6/1971,301000,1787000
11/13/1971,295000,1828000
11/20/1971,274000,1814000
11/27/1971,278000,2015000
12/4/1971,299000,2053000
12/11/1971,280000,2110000
12/18/1971,269000,2147000
12/25/1971,244000,2245000
1/1/1972,279000,2485000
1/8/1972,295000,2529000
1/15/1972,250000,2527000
1/22/1972,263000,2516000
1/29/1972,269000,2529000
2/5/1972,276000,2506000
2/12/1972,266000,2551000
2/19/1972,258000,2470000
2/26/1972,254000,2474000
3/4/1972,257000,2413000
3/11/1972,264000,2360000
3/18/1972,266000,2298000
3/25/1972,264000,2203000
4/1/1972,258000,2176000
4/8/1972,274000,2116000
4/15/1972,259000,2048000
4/22/1972,259000,1966000
4/29/1972,265000,1890000
5/6/1972,271000,1836000
5/13/1972,266000,1770000
5/20/1972,267000,1731000
5/27/1972,267000,1664000
6/3/1972,264000,1673000
6/10/1972,268000,1637000
6/17/1972,275000,1619000
6/24/1972,286000,1633000
7/1/1972,350000,1645000
7/8/1972,297000,1834000
7/15/1972,318000,1848000
7/22/1972,276000,1835000
7/29/1972,247000,1796000
8/5/1972,250000,1705000
8/12/1972,246000,1633000
8/19/1972,256000,1554000
8/26/1972,262000,1500000
9/2/1972,258000,1433000
9/9/1972,259000,1447000
9/16/1972,258000,1388000
9/23/1972,255000,1369000
9/30/1972,251000,1340000
10/7/1972,263000,1330000
10/14/1972,250000,1366000
10/21/1972,257000,1342000
10/28/1972,234000,1383000
11/4/1972,255000,1377000
11/11/1972,242000,1457000
11/18/1972,271000,1445000
11/25/1972,235000,1620000
12/2/1972,226000,1607000
12/9/1972,252000,1678000
12/16/1972,263000,1789000
12/23/1972,246000,1759000
12/30/1972,225000,2026000
1/6/1973,226000,2121000
1/13/1973,245000,2170000
1/20/1973,229000,2122000
1/27/1973,214000,2111000
2/3/1973,228000,2079000
2/10/1973,226000,2063000
2/17/1973,216000,2061000
2/24/1973,218000,2081000
3/3/1973,225000,2018000
3/10/1973,229000,1977000
3/17/1973,228000,1924000
3/24/1973,232000,1855000
3/31/1973,222000,1790000
4/7/1973,247000,1742000
4/14/1973,230000,1684000
4/21/1973,243000,1681000
4/28/1973,236000,1595000
5/5/1973,248000,1539000
5/12/1973,238000,1497000
5/19/1973,237000,1465000
5/26/1973,238000,1407000
6/2/1973,232000,1426000
6/9/1973,246000,1391000
6/16/1973,237000,1399000
6/23/1973,242000,1389000
6/30/1973,237000,1346000
7/7/1973,248000,1494000
7/14/1973,232000,1536000
7/21/1973,241000,1496000
7/28/1973,250000,1495000
8/4/1973,256000,1501000
8/11/1973,265000,1515000
8/18/1973,258000,1457000
8/25/1973,254000,1409000
9/1/1973,242000,1325000
9/8/1973,252000,1354000
9/15/1973,245000,1297000
9/22/1973,246000,1276000
9/29/1973,249000,1270000
10/6/1973,236000,1252000
10/13/1973,246000,1303000
10/20/1973,249000,1284000
10/27/1973,235000,1332000
11/3/1973,246000,1339000
11/10/1973,282000,1419000
11/17/1973,254000,1430000
11/24/1973,233000,1600000
12/1/1973,256000,1630000
12/8/1973,266000,1715000
12/15/1973,272000,1821000
12/22/1973,326000,1872000
12/29/1973,300000,2160000
1/5/1974,269000,2523000
1/12/1974,340000,2529000
1/19/1974,321000,2618000
1/26/1974,291000,2567000
2/2/1974,302000,2558000
2/9/1974,369000,2604000
2/16/1974,311000,2656000
2/23/1974,292000,2676000
3/2/1974,301000,2590000
3/9/1974,305000,2577000
3/16/1974,315000,2533000
3/23/1974,314000,2477000
3/30/1974,323000,2404000
4/6/1974,296000,2327000
4/13/1974,297000,2274000
4/20/1974,296000,2227000
4/27/1974,283000,2111000
5/4/1974,287000,2038000
5/11/1974,296000,1977000
5/18/1974,298000,1943000
5/25/1974,309000,1855000
6/1/1974,278000,1898000
6/8/1974,314000,1854000
6/15/1974,303000,1867000
6/22/1974,308000,1833000
6/29/1974,325000,1783000
7/6/1974,311000,1994000
7/13/1974,304000,2039000
7/20/1974,303000,1985000
7/27/1974,320000,1949000
8/3/1974,335000,1971000
8/10/1974,347000,1961000
8/17/1974,332000,1899000
8/24/1974,343000,1836000
8/31/1974,350000,1763000
9/7/1974,350000,1815000
9/14/1974,357000,1786000
9/21/1974,370000,1757000
9/28/1974,366000,1772000
10/5/1974,371000,1792000
10/12/1974,413000,1857000
10/19/1974,389000,1980000
10/26/1974,414000,2005000
11/2/1974,406000,2104000
11/9/1974,441000,2229000
11/16/1974,449000,2437000
11/23/1974,518000,2437000
11/30/1974,474000,2973000
12/7/1974,528000,3152000
12/14/1974,510000,3354000
12/21/1974,521000,3322000
12/28/1974,537000,3951000
1/4/1975,456000,4603000
1/11/1975,554000,4582000
1/18/1975,575000,4769000
1/25/1975,555000,4871000
2/1/1975,559000,4874000
2/8/1975,545000,4995000
2/15/1975,530000,5037000
2/22/1975,544000,5229000
3/1/1975,546000,5173000
3/8/1975,551000,5206000
3/15/1975,531000,5141000
3/22/1975,550000,5021000
3/29/1975,555000,5020000
4/5/1975,537000,4959000
4/12/1975,520000,4867000
4/19/1975,531000,4783000
4/26/1975,513000,4657000
5/3/1975,505000,4559000
5/10/1975,507000,4439000
5/17/1975,514000,4339000
5/24/1975,493000,4039000
5/31/1975,475000,4195000
6/7/1975,529000,4048000
6/14/1975,497000,4033000
6/21/1975,497000,3904000
6/28/1975,459000,3525000
7/5/1975,423000,3859000
7/12/1975,446000,3906000
7/19/1975,445000,3998000
7/26/1975,454000,3801000
8/2/1975,454000,3708000
8/9/1975,459000,3655000
8/16/1975,444000,3476000
8/23/1975,457000,3366000
8/30/1975,446000,3134000
9/6/1975,447000,3182000
9/13/1975,456000,3092000
9/20/1975,433000,3025000
9/27/1975,445000,2985000
10/4/1975,426000,2964000
10/11/1975,429000,2840000
10/18/1975,404000,2962000
10/25/1975,426000,2926000
11/1/1975,414000,2920000
11/8/1975,415000,2902000
11/15/1975,386000,3090000
11/22/1975,401000,2905000
11/29/1975,387000,3285000
12/6/1975,373000,3287000
12/13/1975,368000,3314000
12/20/1975,365000,3134000
12/27/1975,391000,3485000
1/3/1976,362000,4111000
1/10/1976,402000,3964000
1/17/1976,370000,3892000
1/24/1976,363000,3871000
1/31/1976,359000,3780000
2/7/1976,353000,3756000
2/14/1976,344000,3737000
2/21/1976,347000,3755000
2/28/1976,349000,3640000
3/6/1976,348000,3599000
3/13/1976,360000,3485000
3/20/1976,368000,3399000
3/27/1976,366000,3276000
4/3/1976,380000,3198000
4/10/1976,373000,3090000
4/17/1976,361000,3053000
4/24/1976,367000,2977000
5/1/1976,385000,2902000
5/8/1976,395000,2839000
5/15/1976,382000,2776000
5/22/1976,394000,2704000
5/29/1976,402000,2584000
6/5/1976,382000,2694000
6/12/1976,407000,2628000
6/19/1976,399000,2655000
6/26/1976,387000,2627000
7/3/1976,394000,2600000
7/10/1976,372000,2878000
7/17/1976,406000,2895000
7/24/1976,394000,2848000
7/31/1976,388000,2797000
8/7/1976,378000,2769000
8/14/1976,382000,2701000
8/21/1976,400000,2621000
8/28/1976,394000,2587000
9/4/1976,421000,2412000
9/11/1976,383000,2538000
9/18/1976,403000,2443000
9/25/1976,423000,2443000
10/2/1976,408000,2412000
10/9/1976,411000,2388000
10/16/1976,403000,2491000
10/23/1976,409000,2480000
10/30/1976,414000,2515000
11/6/1976,390000,2513000
11/13/1976,383000,2690000
11/20/1976,408000,2574000
11/27/1976,377000,2901000
12/4/1976,402000,2936000
12/11/1976,395000,3005000
12/18/1976,365000,2915000
12/25/1976,333000,3047000
1/1/1977,380000,3529000
1/8/1977,416000,3542000
1/15/1977,368000,3582000
1/22/1977,423000,3679000
1/29/1977,422000,3721000
2/5/1977,565000,3781000
2/12/1977,477000,3744000
2/19/1977,399000,3576000
2/26/1977,362000,3564000
3/5/1977,361000,3395000
3/12/1977,355000,3314000
3/19/1977,369000,3173000
3/26/1977,356000,3050000
4/2/1977,350000,2930000
4/9/1977,376000,2907000
4/16/1977,361000,2790000
4/23/1977,375000,2693000
4/30/1977,375000,2584000
5/7/1977,384000,2505000
5/14/1977,381000,2463000
5/21/1977,375000,2408000
5/28/1977,381000,2291000
6/4/1977,363000,2389000
6/11/1977,358000,2302000
6/18/1977,359000,2307000
6/25/1977,365000,2265000
7/2/1977,350000,2215000
7/9/1977,361000,2467000
7/16/1977,366000,2519000
7/23/1977,365000,2468000
7/30/1977,365000,2455000
8/6/1977,378000,2439000
8/13/1977,359000,2406000
8/20/1977,367000,2336000
8/27/1977,365000,2241000
9/3/1977,374000,2096000
9/10/1977,359000,2181000
9/17/1977,362000,2089000
9/24/1977,380000,2058000
10/1/1977,348000,2023000
10/8/1977,365000,1984000
10/15/1977,358000,2096000
10/22/1977,375000,2076000
10/29/1977,349000,2126000
11/5/1977,366000,2080000
11/12/1977,334000,2261000
11/19/1977,360000,2131000
11/26/1977,354000,2483000
12/3/1977,367000,2446000
12/10/1977,364000,2540000
12/17/1977,359000,2571000
12/24/1977,344000,2594000
12/31/1977,364000,2949000
1/7/1978,346000,3167000
1/14/1978,343000,3053000
1/21/1978,352000,3243000
1/28/1978,363000,3321000
2/4/1978,360000,3143000
2/11/1978,373000,3391000
2/18/1978,429000,3261000
2/25/1978,371000,3294000
3/4/1978,355000,3150000
3/11/1978,359000,3063000
3/18/1978,347000,2897000
3/25/1978,335000,2812000
4/1/1978,333000,2683000
4/8/1978,345000,2548000
4/15/1978,309000,2420000
4/22/1978,319000,2324000
4/29/1978,324000,2224000
5/6/1978,334000,2151000
5/13/1978,322000,2092000
5/20/1978,334000,2052000
5/27/1978,318000,1934000
6/3/1978,310000,2012000
6/10/1978,331000,1961000
6/17/1978,326000,1974000
6/24/1978,330000,1973000
7/1/1978,348000,1918000
7/8/1978,356000,2255000
7/15/1978,352000,2295000
7/22/1978,349000,2255000
7/29/1978,346000,2248000
8/5/1978,365000,2293000
8/12/1978,354000,2288000
8/19/1978,343000,2204000
8/26/1978,333000,2098000
9/2/1978,313000,1936000
9/9/1978,337000,1962000
9/16/1978,322000,1864000
9/23/1978,323000,1831000
9/30/1978,318000,1767000
10/7/1978,343000,1739000
10/14/1978,316000,1862000
10/21/1978,338000,1819000
10/28/1978,316000,1847000
11/4/1978,317000,1812000
11/11/1978,304000,1918000
11/18/1978,342000,1854000
11/25/1978,359000,2204000
12/2/1978,377000,2220000
12/9/1978,344000,2312000
12/16/1978,347000,2360000
12/23/1978,352000,2332000
12/30/1978,358000,2719000
1/6/1979,359000,3041000
1/13/1979,392000,2980000
1/20/1979,337000,3064000
1/27/1979,342000,3061000
2/3/1979,348000,3039000
2/10/1979,359000,3018000
2/17/1979,367000,3013000
2/24/1979,360000,3146000
3/3/1979,355000,3033000
3/10/1979,363000,2900000
3/17/1979,359000,2771000
3/24/1979,353000,2660000
3/31/1979,360000,2556000
4/7/1979,465000,2504000
4/14/1979,457000,2542000
4/21/1979,383000,2446000
4/28/1979,357000,2317000
5/5/1979,353000,2195000
5/12/1979,344000,2127000
5/19/1979,346000,2067000
5/26/1979,349000,1970000
6/2/1979,336000,2052000
6/9/1979,365000,1987000
6/16/1979,351000,1997000
6/23/1979,379000,2010000
6/30/1979,369000,1958000
7/7/1979,368000,2277000
7/14/1979,368000,2333000
7/21/1979,395000,2278000
7/28/1979,386000,2298000
8/4/1979,412000,2338000
8/11/1979,386000,2353000
8/18/1979,387000,2290000
8/25/1979,390000,2219000
9/1/1979,389000,2064000
9/8/1979,378000,2107000
9/15/1979,384000,2039000
9/22/1979,388000,1987000
9/29/1979,390000,1964000
10/6/1979,412000,1924000
10/13/1979,393000,2074000
10/20/1979,406000,2059000
10/27/1979,398000,2120000
11/3/1979,395000,2145000
11/10/1979,414000,2189000
11/17/1979,430000,2201000
11/24/1979,414000,2627000
12/1/1979,416000,2615000
12/8/1979,415000,2707000
12/15/1979,411000,2756000
12/22/1979,471000,2680000
12/29/1979,428000,3161000
1/5/1980,394000,3619000
1/12/1980,405000,3498000
1/19/1980,446000,3546000
1/26/1980,412000,3498000
2/2/1980,404000,3543000
2/9/1980,425000,3492000
2/16/1980,415000,3492000
2/23/1980,428000,3596000
3/1/1980,409000,3486000
3/8/1980,418000,3475000
3/15/1980,432000,3413000
3/22/1980,435000,3337000
3/29/1980,475000,3223000
4/5/1980,464000,3245000
4/12/1980,544000,3320000
4/19/1980,548000,3292000
4/26/1980,563000,3272000
5/3/1980,572000,3241000
5/10/1980,601000,3300000
5/17/1980,642000,3347000
5/24/1980,627000,3277000
5/31/1980,637000,3489000
6/7/1980,610000,3459000
6/14/1980,592000,3448000
6/21/1980,599000,3489000
6/28/1980,627000,3384000
7/5/1980,579000,3663000
7/12/1980,533000,3803000
7/19/1980,567000,3729000
7/26/1980,558000,3635000
8/2/1980,569000,3608000
8/9/1980,533000,3601000
8/16/1980,525000,3488000
8/23/1980,512000,3366000
8/30/1980,502000,3136000
9/6/1980,511000,3242000
9/13/1980,492000,3123000
9/20/1980,465000,3063000
9/27/1980,463000,2984000
10/4/1980,462000,2931000
10/11/1980,447000,2854000
10/18/1980,425000,2939000
10/25/1980,418000,2943000
11/1/1980,419000,2862000
11/8/1980,407000,2840000
11/15/1980,427000,3027000
11/22/1980,398000,2780000
11/29/1980,412000,3286000
12/6/1980,416000,3154000
12/13/1980,413000,3241000
12/20/1980,412000,2932000
12/27/1980,399000,3477000
1/3/1981,410000,4125000
1/10/1981,419000,3930000
1/17/1981,421000,3878000
1/24/1981,396000,3744000
1/31/1981,419000,3710000
2/7/1981,420000,3593000
2/14/1981,423000,3704000
2/21/1981,438000,3769000
2/28/1981,434000,3608000
3/7/1981,409000,3550000
3/14/1981,408000,3464000
3/21/1981,401000,3343000
3/28/1981,412000,3262000
4/4/1981,417000,3147000
4/11/1981,396000,3028000
4/18/1981,392000,2980000
4/25/1981,436000,2960000
5/2/1981,413000,2862000
5/9/1981,423000,2793000
5/16/1981,414000,2703000
5/23/1981,415000,2544000
5/30/1981,417000,2691000
6/6/1981,428000,2632000
6/13/1981,425000,2593000
6/20/1981,435000,2577000
6/27/1981,444000,2552000
7/4/1981,460000,2672000
7/11/1981,426000,2815000
7/18/1981,430000,2770000
7/25/1981,407000,2718000
8/1/1981,476000,2711000
8/8/1981,448000,2769000
8/15/1981,442000,2713000
8/22/1981,434000,2625000
8/29/1981,451000,2572000
9/5/1981,473000,2386000
9/12/1981,454000,2598000
9/19/1981,475000,2484000
9/26/1981,491000,2487000
10/3/1981,489000,2453000
10/10/1981,491000,2450000
10/17/1981,487000,2633000
10/24/1981,483000,2642000
10/31/1981,514000,2699000
11/7/1981,514000,2722000
11/14/1981,517000,3077000
11/21/1981,464000,2844000
11/28/1981,552000,3510000
12/5/1981,558000,3506000
12/12/1981,551000,3549000
12/19/1981,539000,3466000
12/26/1981,556000,3921000
1/2/1982,495000,4547000
1/9/1982,545000,4334000
1/16/1982,489000,4611000
1/23/1982,564000,4524000
1/30/1982,583000,4396000
2/6/1982,556000,4383000
2/13/1982,507000,4194000
2/20/1982,544000,4485000
2/27/1982,528000,4443000
3/6/1982,556000,4385000
3/13/1982,539000,4328000
3/20/1982,557000,4288000
3/27/1982,574000,4233000
4/3/1982,578000,4104000
4/10/1982,585000,4169000
4/17/1982,597000,4173000
4/24/1982,588000,4032000
5/1/1982,576000,3880000
5/8/1982,584000,3855000
5/15/1982,585000,3777000
5/22/1982,586000,3711000
5/29/1982,588000,3557000
6/5/1982,611000,3794000
6/12/1982,614000,3742000
6/19/1982,591000,3690000
6/26/1982,582000,3685000
7/3/1982,600000,3600000
7/10/1982,572000,4013000
7/17/1982,567000,3997000
7/24/1982,536000,3927000
7/31/1982,605000,3834000
8/7/1982,606000,3893000
8/14/1982,637000,3901000
8/21/1982,628000,3834000
8/28/1982,647000,3802000
9/4/1982,651000,3565000
9/11/1982,641000,3834000
9/18/1982,680000,3701000
9/25/1982,671000,3683000
10/2/1982,695000,3720000
10/9/1982,651000,3674000
10/16/1982,656000,3899000
10/23/1982,623000,3872000
10/30/1982,637000,3891000
11/6/1982,589000,3846000
11/13/1982,599000,4221000
11/20/1982,577000,3840000
11/27/1982,612000,4597000
12/4/1982,557000,4460000
12/11/1982,533000,4475000
12/18/1982,516000,4273000
12/25/1982,489000,4535000
1/1/1983,534000,5112000
1/8/1983,510000,5017000
1/15/1983,479000,4982000
1/22/1983,479000,4866000
1/29/1983,503000,4867000
2/5/1983,501000,4718000
2/12/1983,486000,4876000
2/19/1983,487000,4593000
2/26/1983,481000,4869000
3/5/1983,495000,4620000
3/12/1983,475000,4568000
3/19/1983,470000,4387000
3/26/1983,481000,4262000
4/2/1983,491000,4164000
4/9/1983,496000,4120000
4/16/1983,515000,3945000
4/23/1983,488000,3848000
4/30/1983,490000,3658000
5/7/1983,494000,3582000
5/14/1983,464000,3451000
5/21/1983,460000,3369000
5/28/1983,454000,3071000
6/4/1983,459000,3291000
6/11/1983,442000,3120000
6/18/1983,434000,3101000
6/25/1983,442000,3054000
7/2/1983,422000,2785000
7/9/1983,412000,3208000
7/16/1983,396000,3117000
7/23/1983,395000,2982000
7/30/1983,415000,2943000
8/6/1983,415000,2886000
8/13/1983,457000,2858000
8/20/1983,445000,2782000
8/27/1983,426000,2715000
9/3/1983,411000,2474000
9/10/1983,403000,2596000
9/17/1983,405000,2461000
9/24/1983,416000,2399000
10/1/1983,413000,2332000
10/8/1983,406000,2263000
10/15/1983,394000,2435000
10/22/1983,394000,2360000
10/29/1983,404000,2405000
11/5/1983,395000,2203000
11/12/1983,390000,2551000
11/19/1983,387000,2313000
11/26/1983,398000,2785000
12/3/1983,365000,2709000
12/10/1983,368000,2710000
12/17/1983,362000,2762000
12/24/1983,377000,2704000
12/31/1983,372000,3080000
1/7/1984,356000,3397000
1/14/1984,351000,3195000
1/21/1984,333000,3239000
1/28/1984,364000,3210000
2/4/1984,342000,3134000
2/11/1984,338000,3078000
2/18/1984,334000,2958000
2/25/1984,343000,3111000
3/3/1984,347000,3008000
3/10/1984,346000,2946000
3/17/1984,349000,2875000
3/24/1984,346000,2779000
3/31/1984,341000,2707000
4/7/1984,381000,2622000
4/14/1984,357000,2558000
4/21/1984,364000,2491000
4/28/1984,375000,2425000
5/5/1984,365000,2338000
5/12/1984,368000,2284000
5/19/1984,354000,2213000
5/26/1984,354000,2054000
6/2/1984,355000,2212000
6/9/1984,369000,2161000
6/16/1984,361000,2140000
6/23/1984,362000,2115000
6/30/1984,360000,2005000
7/7/1984,366000,2343000
7/14/1984,360000,2334000
7/21/1984,357000,2231000
7/28/1984,359000,2203000
8/4/1984,382000,2194000
8/11/1984,380000,2208000
8/18/1984,401000,2169000
8/25/1984,395000,2142000
9/1/1984,385000,1960000
9/8/1984,402000,2120000
9/15/1984,393000,2017000
9/22/1984,395000,1976000
9/29/1984,402000,1980000
10/6/1984,403000,1912000
10/13/1984,410000,2077000
10/20/1984,439000,2094000
10/27/1984,425000,2151000
11/3/1984,423000,2159000
11/10/1984,393000,2188000
11/17/1984,383000,2105000
11/24/1984,429000,2658000
12/1/1984,401000,2547000
12/8/1984,383000,2584000
12/15/1984,386000,2644000
12/22/1984,379000,2393000
12/29/1984,379000,2997000
1/5/1985,369000,3428000
1/12/1985,387000,3214000
1/19/1985,359000,3174000
1/26/1985,368000,3254000
2/2/1985,386000,3287000
2/9/1985,401000,3213000
2/16/1985,390000,3211000
2/23/1985,390000,3320000
3/2/1985,374000,3193000
3/9/1985,385000,3135000
3/16/1985,386000,3081000
3/23/1985,373000,2947000
3/30/1985,386000,2865000
4/6/1985,405000,2777000
4/13/1985,411000,2798000
4/20/1985,391000,2649000
4/27/1985,386000,2580000
5/4/1985,390000,2481000
5/11/1985,394000,2466000
5/18/1985,391000,2374000
5/25/1985,396000,2247000
6/1/1985,393000,2402000
6/8/1985,403000,2320000
6/15/1985,390000,2320000
6/22/1985,386000,2300000
6/29/1985,390000,2167000
7/6/1985,395000,2533000
7/13/1985,386000,2514000
7/20/1985,370000,2424000
7/27/1985,362000,2388000
8/3/1985,407000,2390000
8/10/1985,402000,2373000
8/17/1985,399000,2335000
8/24/1985,405000,2287000
8/31/1985,409000,2133000
9/7/1985,426000,2251000
9/14/1985,408000,2160000
9/21/1985,401000,2061000
9/28/1985,399000,2096000
10/5/1985,405000,2086000
10/12/1985,400000,2058000
10/19/1985,400000,2197000
10/26/1985,418000,2195000
11/2/1985,398000,2229000
11/9/1985,397000,2202000
11/16/1985,397000,2401000
11/23/1985,382000,2182000
11/30/1985,393000,2791000
12/7/1985,399000,2700000
12/14/1985,382000,2750000
12/21/1985,370000,2426000
12/28/1985,390000,2991000
1/4/1986,362000,3583000
1/11/1986,397000,3359000
1/18/1986,364000,3108000
1/25/1986,344000,3215000
2/1/1986,364000,3171000
2/8/1986,366000,3119000
2/15/1986,358000,3156000
2/22/1986,390000,3294000
3/1/1986,375000,3206000
3/8/1986,366000,3145000
3/15/1986,382000,3109000
3/22/1986,387000,2996000
3/29/1986,396000,2982000
4/5/1986,381000,2842000
4/12/1986,388000,2773000
4/19/1986,383000,2687000
4/26/1986,391000,2655000
5/3/1986,392000,2566000
5/10/1986,395000,2558000
5/17/1986,384000,2499000
5/24/1986,386000,2335000
5/31/1986,373000,2490000
6/7/1986,375000,2407000
6/14/1986,369000,2410000
6/21/1986,367000,2380000
6/28/1986,371000,2282000
7/5/1986,371000,2567000
7/12/1986,361000,2589000
7/19/1986,354000,2527000
7/26/1986,362000,2509000
8/2/1986,416000,2477000
8/9/1986,416000,2499000
8/16/1986,407000,2435000
8/23/1986,397000,2404000
8/30/1986,401000,2215000
9/6/1986,400000,2379000
9/13/1986,394000,2250000
9/20/1986,399000,2219000
9/27/1986,389000,2161000
10/4/1986,391000,2192000
10/11/1986,387000,2114000
10/18/1986,385000,2274000
10/25/1986,370000,2223000
11/1/1986,364000,2213000
11/8/1986,349000,2180000
11/15/1986,368000,2435000
11/22/1986,369000,2134000
11/29/1986,366000,2760000
12/6/1986,363000,2575000
12/13/1986,375000,2668000
12/20/1986,350000,2395000
12/27/1986,345000,2860000
1/3/1987,323000,3442272
1/10/1987,348000,3206583
1/17/1987,341000,3035767
1/24/1987,346000,3155009
1/31/1987,370000,3172800
2/7/1987,368000,3052914
2/14/1987,338000,3014248
2/21/1987,341000,3117138
2/28/1987,348000,3080711
3/7/1987,337000,2972372
3/14/1987,335000,2952777
3/21/1987,335000,2787938
3/28/1987,326000,2753035
4/4/1987,330000,2706033
4/11/1987,338000,2556723
4/18/1987,349000,2495372
4/25/1987,328000,2416853
5/2/1987,330000,2219934
5/9/1987,315000,2243705
5/16/1987,341000,2184589
5/23/1987,343000,2027017
5/30/1987,326000,2153810
6/6/1987,328000,2059043
6/13/1987,316000,2074243
6/20/1987,319000,2035040
6/27/1987,326000,2038923
7/4/1987,326000,2058398
7/11/1987,317000,2198385
7/18/1987,310000,2172113
7/25/1987,324000,2157950
8/1/1987,348000,2144893
8/8/1987,327000,2105874
8/15/1987,319000,2020505
8/22/1987,312000,1955716
8/29/1987,322000,1899197
9/5/1987,316000,1748252
9/12/1987,297000,1846397
9/19/1987,309000,1923706
9/26/1987,317000,1717452
10/3/1987,301000,1694732
10/10/1987,308000,1647486
10/17/1987,301000,1725790
10/24/1987,301000,1600532
10/31/1987,289000,1622425
11/7/1987,297000,1690217
11/14/1987,307000,1922996
11/21/1987,317000,1704088
11/28/1987,306000,2160016
12/5/1987,319000,2067371
12/12/1987,317000,2151855
12/19/1987,323000,2037301
12/26/1987,316000,2305276
1/2/1988,315000,2756429
1/9/1988,325000,2864655
1/16/1988,361000,2708739
1/23/1988,335000,2840751
1/30/1988,342000,2784072
2/6/1988,318000,2683789
2/13/1988,311000,2666899
2/20/1988,327000,2647089
2/27/1988,319000,2670581
3/5/1988,307000,2630634
3/12/1988,304000,2572940
3/19/1988,307000,2475333
3/26/1988,304000,2390779
4/2/1988,309000,2302715
4/9/1988,313000,2269936
4/16/1988,314000,2182318
4/23/1988,312000,2087324
4/30/1988,313000,2028769
5/7/1988,309000,1966276
5/14/1988,314000,1956522
5/21/1988,319000,1891634
5/28/1988,313000,1805333
6/4/1988,310000,1876581
6/11/1988,305000,1852857
6/18/1988,311000,1816465
6/25/1988,307000,1833537
7/2/1988,305000,1755810
7/9/1988,303000,2032911
7/16/1988,315000,2021261
7/23/1988,354000,1977197
7/30/1988,331000,2008522
8/6/1988,316000,1961995
8/13/1988,312000,1910379
8/20/1988,316000,1859852
8/27/1988,315000,1840361
9/3/1988,306000,1691617
9/10/1988,305000,1784231
9/17/1988,306000,1701348
9/24/1988,301000,1668900
10/1/1988,292000,1612412
10/8/1988,292000,1556889
10/15/1988,293000,1678716
10/22/1988,286000,1632845
10/29/1988,294000,1724571
11/5/1988,285000,1542684
11/12/1988,284000,1854545
11/19/1988,294000,1594634
11/26/1988,299000,2111695
12/3/1988,298000,1965981
12/10/1988,285000,2055052
12/17/1988,293000,2059991
12/24/1988,286000,2075559
12/31/1988,304000,2473167
1/7/1989,299000,2707199
1/14/1989,283000,2554884
1/21/1989,282000,2660091
1/28/1989,295000,2597551
2/4/1989,288000,2569194
2/11/1989,322000,2647533
2/18/1989,305000,2577799
2/25/1989,300000,2732331
3/4/1989,325000,2612415
3/11/1989,325000,2634121
3/18/1989,319000,2501793
3/25/1989,319000,2477317
4/1/1989,323000,2375439
4/8/1989,314000,2281715
4/15/1989,307000,2238769
4/22/1989,304000,2135792
4/29/1989,311000,2047774
5/6/1989,320000,1995218
5/13/1989,332000,2045661
5/20/1989,321000,1907797
5/27/1989,325000,1807496
6/3/1989,325000,1952253
6/10/1989,332000,1896695
6/17/1989,337000,1897424
6/24/1989,338000,1933759
7/1/1989,349000,1828308
7/8/1989,341000,2194084
7/15/1989,349000,2185720
7/22/1989,332000,2057877
7/29/1989,337000,2071615
8/5/1989,338000,2102030
8/12/1989,341000,2045875
8/19/1989,327000,1955383
8/26/1989,332000,1943580
9/2/1989,329000,1776843
9/9/1989,336000,1926837
9/16/1989,334000,1761440
9/23/1989,334000,1833067
9/30/1989,347000,1758194
10/7/1989,407000,1759529
10/14/1989,345000,1903455
10/21/1989,347000,1879567
10/28/1989,354000,1916421
11/4/1989,333000,1844888
11/11/1989,336000,2077694
11/18/1989,336000,1824682
11/25/1989,342000,2380695
12/2/1989,344000,2246457
12/9/1989,338000,2287594
12/16/1989,355000,2326845
12/23/1989,381000,2404078
12/30/1989,358000,2838399
1/6/1990,355000,3108000
1/13/1990,369000,2879525
1/20/1990,375000,3130998
1/27/1990,345000,2895197
2/3/1990,368000,2938862
2/10/1990,367000,2887118
2/17/1990,348000,2922967
2/24/1990,350000,2947650
3/3/1990,351000,2969182
3/10/1990,349000,2839915
3/17/1990,349000,2851281
3/24/1990,331000,2707282
3/31/1990,346000,2679792
4/7/1990,367000,2507053
4/14/1990,357000,2600103
4/21/1990,360000,2435156
4/28/1990,363000,2409865
5/5/1990,354000,2276793
5/12/1990,355000,2276852
5/19/1990,353000,2200158
5/26/1990,359000,2144261
6/2/1990,368000,2220329
6/9/1990,359000,2203911
6/16/1990,359000,2169344
6/23/1990,362000,2185255
6/30/1990,364000,2092566
7/7/1990,362000,2449972
7/14/1990,367000,2482738
7/21/1990,370000,2335706
7/28/1990,369000,2335177
8/4/1990,369000,2322631
8/11/1990,381000,2309895
8/18/1990,393000,2275767
8/25/1990,394000,2263087
9/1/1990,392000,2096487
9/8/1990,390000,2249277
9/15/1990,395000,2124952
9/22/1990,389000,2100832
9/29/1990,404000,2102229
10/6/1990,404000,2030912
10/13/1990,422000,2251844
10/20/1990,435000,2250868
10/27/1990,440000,2341201
11/3/1990,430000,2368817
11/10/1990,448000,2420488
11/17/1990,447000,2378735
11/24/1990,462000,3011553
12/1/1990,451000,2920595
12/8/1990,449000,2991256
12/15/1990,447000,3049870
12/22/1990,474000,2910635
12/29/1990,454000,3487570
1/5/1991,415000,4056766
1/12/1991,437000,3950860
1/19/1991,445000,3750707
1/26/1991,462000,3933737
2/2/1991,483000,4015252
2/9/1991,480000,3958296
2/16/1991,474000,4036931
2/23/1991,499000,4137192
3/2/1991,488000,4186215
3/9/1991,499000,4087481
3/16/1991,498000,4138058
3/23/1991,509000,3931340
3/30/1991,499000,3992459
4/6/1991,452000,3776293
4/13/1991,477000,3755007
4/20/1991,478000,3596574
4/27/1991,462000,3512297
5/4/1991,451000,3396704
5/11/1991,446000,3362554
5/18/1991,448000,3227614
5/25/1991,443000,3080050
6/1/1991,432000,3250555
6/8/1991,441000,3129153
6/15/1991,429000,3119199
6/22/1991,423000,3053175
6/29/1991,418000,2886389
7/6/1991,422000,3315338
7/13/1991,420000,3265105
7/20/1991,408000,3155190
7/27/1991,423000,3144434
8/3/1991,438000,3134722
8/10/1991,437000,3065017
8/17/1991,433000,2973801
8/24/1991,425000,2923103
8/31/1991,425000,2698721
9/7/1991,424000,2873554
9/14/1991,418000,2731686
9/21/1991,419000,2684668
9/28/1991,437000,2632308
10/5/1991,424000,2642986
10/12/1991,425000,2605702
10/19/1991,419000,2772408
10/26/1991,423000,2741063
11/2/1991,447000,2819131
11/9/1991,453000,2842332
11/16/1991,439000,3039756
11/23/1991,444000,2780823
11/30/1991,444000,3545383
12/7/1991,475000,3336777
12/14/1991,475000,3497146
12/21/1991,436000,3136770
12/28/1991,441000,3814532
1/4/1992,432000,4498435
1/11/1992,440000,4217517
1/18/1992,443000,4074494
1/25/1992,441000,4177760
2/1/1992,440000,4103202
2/8/1992,445000,4033751
2/15/1992,446000,3977457
2/22/1992,436000,4261552
2/29/1992,444000,4086705
3/7/1992,421000,3955182
3/14/1992,437000,3932184
3/21/1992,440000,3865442
3/28/1992,420000,3813166
4/4/1992,412000,3667177
4/11/1992,413000,3564661
4/18/1992,424000,3448706
4/25/1992,424000,3419243
5/2/1992,431000,3287889
5/9/1992,417000,3233271
5/16/1992,414000,3101430
5/23/1992,414000,2936557
5/30/1992,411000,3106796
6/6/1992,416000,2996898
6/13/1992,420000,2988680
6/20/1992,419000,2965736
6/27/1992,420000,2872638
7/4/1992,407000,3096809
7/11/1992,408000,3143730
7/18/1992,392000,3151008
7/25/1992,564000,3171535
8/1/1992,423000,3307059
8/8/1992,406000,2979582
8/15/1992,401000,2949874
8/22/1992,398000,2843536
8/29/1992,408000,2758658
9/5/1992,416000,2616069
9/12/1992,416000,2791251
9/19/1992,427000,2600400
9/26/1992,409000,2580590
10/3/1992,398000,2462242
10/10/1992,374000,2423689
10/17/1992,385000,2601838
10/24/1992,367000,2518091
10/31/1992,365000,2529758
11/7/1992,374000,2510518
11/14/1992,377000,2724779
11/21/1992,357000,2411720
11/28/1992,341000,3012861
12/5/1992,350000,2833201
12/12/1992,359000,2894501
12/19/1992,334000,2672570
12/26/1992,313000,2982511
1/2/1993,341000,3541687
1/9/1993,354000,3417366
1/16/1993,352000,3367001
1/23/1993,341000,3414605
1/30/1993,340000,3315533
2/6/1993,319000,3200962
2/13/1993,321000,3174541
2/20/1993,351000,3315199
2/27/1993,362000,3292910
3/6/1993,354000,3235224
3/13/1993,346000,3136914
3/20/1993,338000,3162342
3/27/1993,366000,3117826
4/3/1993,365000,2980338
4/10/1993,353000,3003557
4/17/1993,351000,2919904
4/24/1993,350000,2839531
5/1/1993,343000,2680690
5/8/1993,339000,2713019
5/15/1993,345000,2625230
5/22/1993,342000,2551358
5/29/1993,349000,2468881
6/5/1993,343000,2600518
6/12/1993,343000,2589155
6/19/1993,345000,2594446
6/26/1993,340000,2544078
7/3/1993,334000,2407602
7/10/1993,314000,2825535
7/17/1993,335000,2724796
7/24/1993,415000,2696676
7/31/1993,356000,2718132
8/7/1993,346000,2624960
8/14/1993,339000,2584811
8/21/1993,342000,2524664
8/28/1993,337000,2464309
9/4/1993,334000,2269912
9/11/1993,333000,2465746
9/18/1993,346000,2333263
9/25/1993,343000,2305269
10/2/1993,333000,2233985
10/9/1993,355000,2191252
10/16/1993,359000,2387995
10/23/1993,354000,2365764
10/30/1993,348000,2386515
11/6/1993,350000,2325879
11/13/1993,341000,2559633
11/20/1993,336000,2282711
11/27/1993,337000,2898489
12/4/1993,337000,2723368
12/11/1993,334000,2818129
12/18/1993,331000,2710554
12/25/1993,290000,2814857
1/1/1994,341000,3367915
1/8/1994,343000,3449472
1/15/1994,355000,3208257
1/22/1994,351000,3545764
1/29/1994,406000,3435362
2/5/1994,361000,3357684
2/12/1994,354000,3604923
2/19/1994,352000,3292486
2/26/1994,327000,3476587
3/5/1994,348000,3357435
3/12/1994,341000,3328411
3/19/1994,332000,3193930
3/26/1994,322000,3094818
4/2/1994,342000,2992338
4/9/1994,349000,2974931
4/16/1994,354000,2843275
4/23/1994,331000,2729535
4/30/1994,344000,2716409
5/7/1994,371000,2606450
5/14/1994,360000,2644286
5/21/1994,357000,2522357
5/28/1994,348000,2440732
6/4/1994,345000,2539802
6/11/1994,338000,2506642
6/18/1994,336000,2460985
6/25/1994,341000,2477528
7/2/1994,334000,2358971
7/9/1994,341000,2710100
7/16/1994,359000,2671851
7/23/1994,345000,2559819
7/30/1994,332000,2509990
8/6/1994,338000,2474549
8/13/1994,335000,2451910
8/20/1994,331000,2392742
8/27/1994,341000,2359336
9/3/1994,339000,2171194
9/10/1994,331000,2287691
9/17/1994,326000,2162830
9/24/1994,325000,2117247
10/1/1994,330000,2074777
10/8/1994,341000,2005550
10/15/1994,335000,2192818
10/22/1994,330000,2103200
10/29/1994,331000,2153143
11/5/1994,328000,2071248
11/12/1994,329000,2312701
11/19/1994,326000,2041379
11/26/1994,329000,2631371
12/3/1994,324000,2457385
12/10/1994,329000,2558552
12/17/1994,330000,2528593
12/24/1994,314000,2600655
12/31/1994,319000,2919249
1/7/1995,338000,3204273
1/14/1995,347000,3106510
1/21/1995,325000,3140684
1/28/1995,324000,3144902
2/4/1995,324000,3063391
2/11/1995,348000,3141413
2/18/1995,343000,3066721
2/25/1995,336000,3140967
3/4/1995,339000,3054753
3/11/1995,347000,3058336
3/18/1995,343000,2932400
3/25/1995,332000,2884431
4/1/1995,335000,2735222
4/8/1995,347000,2667325
4/15/1995,355000,2635670
4/22/1995,349000,2591645
4/29/1995,365000,2500747
5/6/1995,364000,2408314
5/13/1995,366000,2428514
5/20/1995,377000,2394017
5/27/1995,374000,2288164
6/3/1995,362000,2412575
6/10/1995,367000,2370672
6/17/1995,378000,2378798
6/24/1995,358000,2386331
7/1/1995,355000,2294771
7/8/1995,372000,2677411
7/15/1995,389000,2704053
7/22/1995,390000,2526569
7/29/1995,351000,2474244
8/5/1995,351000,2433531
8/12/1995,353000,2428865
8/19/1995,362000,2366346
8/26/1995,359000,2335659
9/2/1995,355000,2157979
9/9/1995,371000,2285481
9/16/1995,376000,2186550
9/23/1995,353000,2137750
9/30/1995,355000,2092237
10/7/1995,374000,2081344
10/14/1995,369000,2223096
10/21/1995,366000,2183047
10/28/1995,377000,2256758
11/4/1995,380000,2161283
11/11/1995,370000,2422640
11/18/1995,379000,2128078
11/25/1995,379000,2801377
12/2/1995,373000,2593805
12/9/1995,346000,2658329
12/16/1995,373000,2639023
12/23/1995,374000,2782295
12/30/1995,359000,3158779
1/6/1996,361000,3334482
1/13/1996,333000,3267053
1/20/1996,415000,3470091
1/27/1996,387000,3261489
2/3/1996,374000,3412932
2/10/1996,387000,3296740
2/17/1996,383000,3281051
2/24/1996,365000,3282015
3/2/1996,368000,3282378
3/9/1996,361000,3147562
3/16/1996,384000,3145405
3/23/1996,426000,3112606
3/30/1996,393000,2972000
4/6/1996,369000,2809377
4/13/1996,357000,2810900
4/20/1996,368000,2635448
4/27/1996,343000,2588512
5/4/1996,338000,2461933
5/11/1996,352000,2441081
5/18/1996,345000,2371899
5/25/1996,343000,2294656
6/1/1996,340000,2345998
6/8/1996,351000,2278659
6/15/1996,342000,2342014
6/22/1996,341000,2320261
6/29/1996,337000,2257174
7/6/1996,342000,2493008
7/13/1996,347000,2554691
7/20/1996,332000,2432671
7/27/1996,327000,2373525
8/3/1996,326000,2334951
8/10/1996,331000,2317551
8/17/1996,336000,2280788
8/24/1996,337000,2239076
8/31/1996,329000,2108790
9/7/1996,333000,2105993
9/14/1996,338000,2077963
9/21/1996,352000,2017274
9/28/1996,348000,1997890
10/5/1996,335000,1969583
10/12/1996,334000,1966937
10/19/1996,335000,2039622
10/26/1996,352000,2063060
11/2/1996,334000,2084152
11/9/1996,327000,2111062
11/16/1996,342000,2220879
11/23/1996,347000,2042433
11/30/1996,332000,2612507
12/7/1996,355000,2458896
12/14/1996,352000,2533262
12/21/1996,350000,2443253
12/28/1996,357000,2914281
1/4/1997,347000,3409390
1/11/1997,324000,3103732
1/18/1997,345000,3028156
1/25/1997,340000,3070348
2/1/1997,333000,3025548
2/8/1997,315000,2957037
2/15/1997,313000,2952894
2/22/1997,322000,2976756
3/1/1997,321000,2919335
3/8/1997,317000,2805375
3/15/1997,319000,2778065
3/22/1997,315000,2632872
3/29/1997,325000,2615853
4/5/1997,325000,2497816
4/12/1997,330000,2452384
4/19/1997,316000,2322609
4/26/1997,337000,2322204
5/3/1997,342000,2212783
5/10/1997,318000,2183787
5/17/1997,322000,2096047
5/24/1997,316000,2015018
5/31/1997,321000,2099415
6/7/1997,329000,2060147
6/14/1997,335000,2068314
6/21/1997,316000,2084451
6/28/1997,322000,2052529
7/5/1997,346000,2259475
7/12/1997,328000,2337162
7/19/1997,301000,2236616
7/26/1997,306000,2180260
8/2/1997,320000,2116882
8/9/1997,329000,2115834
8/16/1997,343000,2109053
8/23/1997,327000,2054433
8/30/1997,332000,1937027
9/6/1997,313000,1945602
9/13/1997,314000,1856497
9/20/1997,317000,1819328
9/27/1997,317000,1806230
10/4/1997,311000,1775301
10/11/1997,305000,1781417
10/18/1997,318000,1822255
10/25/1997,306000,1846670
11/1/1997,313000,1877601
11/8/1997,308000,1858302
11/15/1997,325000,2041270
11/22/1997,309000,1896743
11/29/1997,318000,2316089
12/6/1997,317000,2189839
12/13/1997,323000,2315621
12/20/1997,310000,2134581
12/27/1997,303000,2597938
1/3/1998,312000,3174121
1/10/1998,331000,2877030
1/17/1998,341000,2781353
1/24/1998,307000,2804818
1/31/1998,315000,2769230
2/7/1998,311000,2719452
2/14/1998,321000,2716844
2/21/1998,327000,2722595
2/28/1998,317000,2721428
3/7/1998,308000,2608178
3/14/1998,319000,2652518
3/21/1998,321000,2524880
3/28/1998,312000,2487250
4/4/1998,312000,2297762
4/11/1998,304000,2334635
4/18/1998,317000,2241179
4/25/1998,311000,2150162
5/2/1998,304000,2032518
5/9/1998,306000,2011465
5/16/1998,315000,1956659
5/23/1998,309000,1901622
5/30/1998,322000,1944655
6/6/1998,306000,1930892
6/13/1998,321000,1970932
6/20/1998,349000,1987087
6/27/1998,376000,2094566
7/4/1998,362000,2258033
7/11/1998,320000,2408772
7/18/1998,315000,2332055
7/25/1998,335000,2314333
8/1/1998,327000,2228735
8/8/1998,316000,2113919
8/15/1998,308000,2049106
8/22/1998,302000,1990926
8/29/1998,310000,1931309
9/5/1998,313000,1806148
9/12/1998,304000,1866054
9/19/1998,305000,1725122
9/26/1998,294000,1746546
10/3/1998,302000,1724571
10/10/1998,316000,1739836
10/17/1998,318000,1814386
10/24/1998,309000,1797952
10/31/1998,308000,1846120
11/7/1998,316000,1839825
11/14/1998,334000,2002794
11/21/1998,304000,1871290
11/28/1998,310000,2322927
12/5/1998,326000,2189652
12/12/1998,305000,2291309
12/19/1998,297000,2123256
12/26/1998,336000,2485732
1/2/1999,331000,3065920
1/9/1999,345000,2890907
1/16/1999,339000,2862950
1/23/1999,311000,2804122
1/30/1999,305000,2830366
2/6/1999,291000,2724075
2/13/1999,312000,2723859
2/20/1999,302000,2764594
2/27/1999,301000,2724709
3/6/1999,300000,2642955
3/13/1999,308000,2638731
3/20/1999,305000,2550442
3/27/1999,298000,2452286
4/3/1999,310000,2425619
4/10/1999,319000,2368861
4/17/1999,314000,2271924
4/24/1999,291000,2184330
5/1/1999,296000,2132520
5/8/1999,310000,2058927
5/15/1999,301000,2066710
5/22/1999,298000,1991790
5/29/1999,303000,1971914
6/5/1999,303000,2002752
6/12/1999,290000,2017627
6/19/1999,292000,1990497
6/26/1999,291000,2033329
7/3/1999,287000,2012194
7/10/1999,288000,2238123
7/17/1999,309000,2239048
7/24/1999,306000,2139377
7/31/1999,300000,2071173
8/7/1999,295000,2054099
8/14/1999,292000,2025904
8/21/1999,286000,1981518
8/28/1999,290000,1933993
9/4/1999,290000,1813976
9/11/1999,281000,1856169
9/18/1999,281000,1783550
9/25/1999,306000,1763215
10/2/1999,309000,1725820
10/9/1999,291000,1692025
10/16/1999,287000,1761523
10/23/1999,280000,1735699
10/30/1999,285000,1779922
11/6/1999,282000,1758806
11/13/1999,281000,1866516
11/20/1999,276000,1777254
11/27/1999,288000,2190445
12/4/1999,287000,2050291
12/11/1999,272000,2146849
12/18/1999,287000,2099639
12/25/1999,268000,2246644
1/1/2000,286000,2761926
1/8/2000,298000,2686013
1/15/2000,289000,2588921
1/22/2000,284000,2547393
1/29/2000,285000,2676851
2/5/2000,312000,2618066
2/12/2000,300000,2658811
2/19/2000,283000,2520055
2/26/2000,280000,2629550
3/4/2000,286000,2478089
3/11/2000,270000,2461643
3/18/2000,271000,2327966
3/25/2000,272000,2304255
4/1/2000,266000,2167594
4/8/2000,268000,2114001
4/15/2000,259000,2008759
4/22/2000,274000,2016353
4/29/2000,291000,1957972
5/6/2000,293000,1855390
5/13/2000,276000,1837764
5/20/2000,280000,1800077
5/27/2000,280000,1776119
6/3/2000,290000,1849401
6/10/2000,284000,1836042
6/17/2000,294000,1869730
6/24/2000,296000,1876056
7/1/2000,281000,1862788
7/8/2000,293000,2140632
7/15/2000,303000,2158335
7/22/2000,300000,2009764
7/29/2000,298000,1999953
8/5/2000,306000,1966461
8/12/2000,315000,1972344
8/19/2000,318000,1956668
8/26/2000,312000,1905264
9/2/2000,301000,1836897
9/9/2000,309000,1854756
9/16/2000,311000,1759993
9/23/2000,288000,1726654
9/30/2000,292000,1699344
10/7/2000,309000,1723497
10/14/2000,299000,1788584
10/21/2000,295000,1753464
10/28/2000,301000,1822289
11/4/2000,331000,1774889
11/11/2000,318000,1972938
11/18/2000,332000,1898521
11/25/2000,356000,2394176
12/2/2000,338000,2211195
12/9/2000,321000,2315331
12/16/2000,354000,2356340
12/23/2000,364000,2525315
12/30/2000,353000,2983919
1/6/2001,337000,3067097
1/13/2001,318000,2833258
1/20/2001,343000,3048535
1/27/2001,362000,2950004
2/3/2001,376000,3052109
2/10/2001,365000,2936361
2/17/2001,358000,3003753
2/24/2001,386000,3016843
3/3/2001,384000,3049224
3/10/2001,393000,2966369
3/17/2001,393000,2984895
3/24/2001,378000,2860911
3/31/2001,388000,2844860
4/7/2001,398000,2672762
4/14/2001,383000,2840579
4/21/2001,400000,2709206
4/28/2001,406000,2670426
5/5/2001,381000,2551534
5/12/2001,390000,2611965
5/19/2001,402000,2562318
5/26/2001,405000,2616172
6/2/2001,406000,2680033
6/9/2001,411000,2685697
6/16/2001,394000,2703845
6/23/2001,381000,2731320
6/30/2001,394000,2665672
7/7/2001,401000,3093737
7/14/2001,405000,3101591
7/21/2001,398000,2900831
7/28/2001,388000,2937020
8/4/2001,401000,2897604
8/11/2001,394000,2928424
8/18/2001,402000,2855016
8/25/2001,395000,2859180
9/1/2001,402000,2740783
9/8/2001,408000,2793972
9/15/2001,395000,2703020
9/22/2001,453000,2737709
9/29/2001,517000,2796316
10/6/2001,476000,2797405
10/13/2001,482000,2964702
10/20/2001,482000,3030241
10/27/2001,483000,3092575
11/3/2001,440000,3181759
11/10/2001,428000,3180486
11/17/2001,431000,3141998
11/24/2001,491000,3721973
12/1/2001,465000,3626565
12/8/2001,393000,3665759
12/15/2001,389000,3734892
12/22/2001,416000,3619326
12/29/2001,421000,4228206
1/5/2002,397000,4685080
1/12/2002,418000,4290623
1/19/2002,405000,4325313
1/26/2002,414000,4262481
2/2/2002,404000,4347221
2/9/2002,397000,4238337
2/16/2002,397000,4270421
2/23/2002,398000,4234460
3/2/2002,392000,4259454
3/9/2002,399000,4109695
3/16/2002,392000,4133800
3/23/2002,415000,3962242
3/30/2002,479000,4061959
4/6/2002,445000,3851621
4/13/2002,442000,3788429
4/20/2002,416000,3641561
4/27/2002,414000,3633702
5/4/2002,409000,3470968
5/11/2002,413000,3483300
5/18/2002,411000,3373492
5/25/2002,403000,3325982
6/1/2002,378000,3356032
6/8/2002,388000,3364030
6/15/2002,396000,3315777
6/22/2002,388000,3340273
6/29/2002,386000,3218111
7/6/2002,391000,3568069
7/13/2002,384000,3589337
7/20/2002,379000,3403334
7/27/2002,390000,3361794
8/3/2002,388000,3309272
8/10/2002,389000,3272880
8/17/2002,399000,3258658
8/24/2002,398000,3193748
8/31/2002,394000,3052551
9/7/2002,416000,3107849
9/14/2002,412000,3013696
9/21/2002,401000,2988181
9/28/2002,409000,2954225
10/5/2002,404000,2974814
10/12/2002,405000,2967513
10/19/2002,412000,3021815
10/26/2002,409000,3059193
11/2/2002,405000,3137165
11/9/2002,400000,3100218
11/16/2002,389000,3263052
11/23/2002,390000,3106044
11/30/2002,377000,3618507
12/7/2002,425000,3543993
12/14/2002,429000,3630381
12/21/2002,394000,3428329
12/28/2002,409000,4081930
1/4/2003,393000,4486870
1/11/2003,378000,4123632
1/18/2003,402000,4068516
1/25/2003,407000,4149700
2/1/2003,413000,4148823
2/8/2003,390000,4089677
2/15/2003,420000,4089902
2/22/2003,421000,4192955
3/1/2003,436000,4191412
3/8/2003,424000,4096551
3/15/2003,430000,4067954
3/22/2003,411000,3939370
3/29/2003,436000,3875224
4/5/2003,417000,3701064
4/12/2003,434000,3736748
4/19/2003,450000,3652316
4/26/2003,444000,3621018
5/3/2003,428000,3502794
5/10/2003,417000,3459502
5/17/2003,425000,3400384
5/24/2003,419000,3297674
5/31/2003,431000,3438524
6/7/2003,429000,3376503
6/14/2003,421000,3396155
6/21/2003,408000,3392668
6/28/2003,429000,3330104
7/5/2003,433000,3627409
7/12/2003,412000,3692996
7/19/2003,403000,3541796
7/26/2003,398000,3508332
8/2/2003,401000,3417741
8/9/2003,404000,3379961
8/16/2003,398000,3343254
8/23/2003,391000,3252130
8/30/2003,407000,3120553
9/6/2003,422000,3173450
9/13/2003,394000,3039387
9/20/2003,379000,3006347
9/27/2003,387000,2964170
10/4/2003,386000,2949032
10/11/2003,376000,2895596
10/18/2003,387000,2994670
10/25/2003,379000,2952618
11/1/2003,363000,3025662
11/8/2003,371000,2996756
11/15/2003,370000,3137692
11/22/2003,354000,2949992
11/29/2003,357000,3397952
12/6/2003,367000,3287681
12/13/2003,363000,3393846
12/20/2003,354000,3247595
12/27/2003,349000,3730752
1/3/2004,356000,4150431
1/10/2004,354000,3851300
1/17/2004,362000,3798519
1/24/2004,353000,3773316
1/31/2004,376000,3850990
2/7/2004,380000,3776188
2/14/2004,356000,3729369
2/21/2004,359000,3738056
2/28/2004,348000,3674294
3/6/2004,344000,3551292
3/13/2004,338000,3513900
3/20/2004,346000,3385174
3/27/2004,340000,3310942
4/3/2004,335000,3112845
4/10/2004,355000,3143186
4/17/2004,364000,3037412
4/24/2004,339000,2915357
5/1/2004,324000,2836423
5/8/2004,329000,2772073
5/15/2004,349000,2734768
5/22/2004,342000,2702892
5/29/2004,337000,2633372
6/5/2004,355000,2674791
6/12/2004,339000,2733296
6/19/2004,354000,2720586
6/26/2004,348000,2741743
7/3/2004,326000,2720765
7/10/2004,345000,2894749
7/17/2004,355000,2938264
7/24/2004,348000,2814264
7/31/2004,341000,2755374
8/7/2004,336000,2732802
8/14/2004,332000,2692183
8/21/2004,343000,2614899
8/28/2004,352000,2580150
9/4/2004,326000,2455140
9/11/2004,331000,2475605
9/18/2004,341000,2397828
9/25/2004,351000,2368048
10/2/2004,335000,2320254
10/9/2004,338000,2293444
10/16/2004,327000,2402533
10/23/2004,338000,2371518
10/30/2004,332000,2434394
11/6/2004,330000,2388670
11/13/2004,337000,2528643
11/20/2004,313000,2331862
11/27/2004,335000,2880075
12/4/2004,343000,2684337
12/11/2004,316000,2820965
12/18/2004,322000,2712542
12/25/2004,320000,3025945
1/1/2005,356000,3401253
1/8/2005,369000,3342292
1/15/2005,332000,3311633
1/22/2005,329000,3263705
1/29/2005,331000,3296052
2/5/2005,307000,3216436
2/12/2005,308000,3239778
2/19/2005,318000,3096036
2/26/2005,314000,3226999
3/5/2005,333000,3085920
3/12/2005,324000,3090703
3/19/2005,329000,2914529
3/26/2005,342000,2959537
4/2/2005,335000,2809420
4/9/2005,323000,2731177
4/16/2005,307000,2612500
4/23/2005,317000,2564797
4/30/2005,334000,2507877
5/7/2005,327000,2443129
5/14/2005,321000,2398134
5/21/2005,320000,2361073
5/28/2005,340000,2342313
6/4/2005,338000,2432328
6/11/2005,333000,2395982
6/18/2005,321000,2404688
6/25/2005,311000,2415224
7/2/2005,327000,2410697
7/9/2005,338000,2624504
7/16/2005,323000,2634714
7/23/2005,318000,2508852
7/30/2005,316000,2467095
8/6/2005,311000,2436846
8/13/2005,319000,2418884
8/20/2005,315000,2379439
8/27/2005,318000,2323719
9/3/2005,326000,2216756
9/10/2005,422000,2311981
9/17/2005,424000,2349781
9/24/2005,359000,2393581
10/1/2005,384000,2372126
10/8/2005,383000,2343807
10/15/2005,348000,2437294
10/22/2005,324000,2378680
10/29/2005,322000,2416475
11/5/2005,325000,2364283
11/12/2005,309000,2564292
11/19/2005,324000,2302708
11/26/2005,311000,2695927
12/3/2005,321000,2542217
12/10/2005,327000,2709414
12/17/2005,312000,2691842
12/24/2005,320000,2823270
12/31/2005,302000,3155322
1/7/2006,326000,3162229
1/14/2006,285000,3044307
1/21/2006,290000,3051709
1/28/2006,282000,3074962
2/4/2006,289000,3006942
2/11/2006,298000,3017838
2/18/2006,283000,2905648
2/25/2006,293000,2975296
3/4/2006,302000,2860513
3/11/2006,307000,2840272
3/18/2006,303000,2750543
3/25/2006,295000,2680141
4/1/2006,291000,2571168
4/8/2006,299000,2504901
4/15/2006,299000,2482997
4/22/2006,308000,2404269
4/29/2006,321000,2297774
5/6/2006,347000,2227582
5/13/2006,335000,2237925
5/20/2006,319000,2197167
5/27/2006,330000,2163894
6/3/2006,307000,2227031
6/10/2006,298000,2226057
6/17/2006,308000,2219876
6/24/2006,309000,2261568
7/1/2006,316000,2211698
7/8/2006,343000,2517917
7/15/2006,318000,2499741
7/22/2006,306000,2358926
7/29/2006,311000,2366848
8/5/2006,318000,2348543
8/12/2006,310000,2326364
8/19/2006,315000,2268911
8/26/2006,314000,2240524
9/2/2006,315000,2133891
9/9/2006,314000,2152929
9/16/2006,324000,2062962
9/23/2006,319000,2056523
9/30/2006,309000,2039526
10/7/2006,316000,2030299
10/14/2006,305000,2116794
10/21/2006,313000,2087657
10/28/2006,328000,2150055
11/4/2006,319000,2110151
11/11/2006,311000,2269427
11/18/2006,326000,2074608
11/25/2006,349000,2620460
12/2/2006,327000,2436936
12/9/2006,311000,2577271
12/16/2006,318000,2565805
12/23/2006,323000,2654693
12/30/2006,341000,3007436
1/6/2007,330000,3122227
1/13/2007,296000,2925963
1/20/2007,335000,3103449
1/27/2007,308000,2981310
2/3/2007,310000,3079780
2/10/2007,338000,2994128
2/17/2007,321000,3075023
2/24/2007,322000,3013239
3/3/2007,320000,3016840
3/10/2007,308000,2869668
3/17/2007,309000,2826536
3/24/2007,303000,2727408
3/31/2007,307000,2688419
4/7/2007,332000,2594605
4/14/2007,327000,2634301
4/21/2007,321000,2448102
4/28/2007,301000,2451671
5/5/2007,300000,2290364
5/12/2007,297000,2329671
5/19/2007,310000,2231139
5/26/2007,310000,2261581
6/2/2007,313000,2267710
6/9/2007,313000,2298047
6/16/2007,320000,2278797
6/23/2007,313000,2353893
6/30/2007,317000,2303357
7/7/2007,321000,2581098
7/14/2007,317000,2588709
7/21/2007,310000,2463232
7/28/2007,305000,2445524
8/4/2007,314000,2409122
8/11/2007,316000,2414968
8/18/2007,321000,2369648
8/25/2007,329000,2353210
9/1/2007,314000,2236358
9/8/2007,321000,2242616
9/15/2007,313000,2160459
9/22/2007,302000,2140701
9/29/2007,317000,2112935
10/6/2007,316000,2097457
10/13/2007,335000,2175026
10/20/2007,334000,2241942
10/27/2007,328000,2261001
11/3/2007,327000,2292297
11/10/2007,333000,2293872
11/17/2007,332000,2217421
11/24/2007,352000,2725801
12/1/2007,344000,2623378
12/8/2007,332000,2701670
12/15/2007,350000,2813226
12/22/2007,355000,2812232
12/29/2007,360000,3304308
1/5/2008,346000,3509826
1/12/2008,322000,3288631
1/19/2008,321000,3263036
1/26/2008,366000,3333980
2/2/2008,350000,3351862
2/9/2008,344000,3329894
2/16/2008,339000,3310911
2/23/2008,354000,3394243
3/1/2008,345000,3351954
3/8/2008,348000,3296982
3/15/2008,369000,3268145
3/22/2008,368000,3214056
3/29/2008,387000,3209920
4/5/2008,354000,3087716
4/12/2008,365000,3066005
4/19/2008,349000,2967150
4/26/2008,370000,2964706
5/3/2008,370000,2846543
5/10/2008,366000,2847327
5/17/2008,367000,2807612
5/24/2008,369000,2757822
5/31/2008,362000,2828892
6/7/2008,382000,2799718
6/14/2008,378000,2852595
6/21/2008,381000,2855557
6/28/2008,392000,2858010
7/5/2008,371000,3119577
7/12/2008,385000,3153562
7/19/2008,402000,3191698
7/26/2008,434000,3160029
8/2/2008,448000,3193245
8/9/2008,430000,3157267
8/16/2008,424000,3171619
8/23/2008,421000,3116252
8/30/2008,442000,3059025
9/6/2008,441000,3040383
9/13/2008,449000,3014496
9/20/2008,483000,3018620
9/27/2008,483000,3057698
10/4/2008,482000,3073515
10/11/2008,461000,3134390
10/18/2008,478000,3233118
10/25/2008,480000,3310892
11/1/2008,490000,3460633
11/8/2008,512000,3521951
11/15/2008,536000,3781631
11/22/2008,532000,3652990
11/29/2008,529000,4495571
12/6/2008,570000,4377029
12/13/2008,566000,4591216
12/20/2008,587000,4566281
12/27/2008,533000,5311032
1/3/2009,503000,5845860
1/10/2009,551000,5650014
1/17/2009,591000,5715432
1/24/2009,586000,5806901
1/31/2009,629000,5952109
2/7/2009,637000,5971341
2/14/2009,632000,6107800
2/21/2009,655000,6230217
2/28/2009,652000,6359961
3/7/2009,660000,6356097
3/14/2009,651000,6440135
3/21/2009,661000,6388414
3/28/2009,665000,6451690
4/4/2009,653000,6327841
4/11/2009,599000,6406046
4/18/2009,639000,6339490
4/25/2009,620000,6280863
5/2/2009,602000,6191149
5/9/2009,625000,6203661
5/16/2009,620000,6153284
5/23/2009,606000,6033293
5/30/2009,607000,6144006
6/6/2009,596000,6083219
6/13/2009,595000,6113832
6/20/2009,608000,6079261
6/27/2009,594000,6062527
7/4/2009,573000,6175227
7/11/2009,546000,6258240
7/18/2009,560000,6105329
7/25/2009,587000,6021088
8/1/2009,555000,5897272
8/8/2009,555000,5809704
8/15/2009,562000,5683164
8/22/2009,560000,5623445
8/29/2009,564000,5438521
9/5/2009,558000,5301307
9/12/2009,542000,5224957
9/19/2009,536000,5074784
9/26/2009,554000,5019227
10/3/2009,533000,4956333
10/10/2009,511000,4919102
10/17/2009,531000,4987516
10/24/2009,530000,4934724
10/31/2009,522000,4965336
11/7/2009,512000,4888630
11/14/2009,507000,5084817
11/21/2009,482000,4802559
11/28/2009,475000,5402723
12/5/2009,497000,5193809
12/12/2009,498000,5346238
12/19/2009,479000,5089577
12/26/2009,468000,5485710
1/2/2010,456000,6014881
1/9/2010,469000,5791336
1/16/2010,507000,5602811
1/23/2010,471000,5683672
1/30/2010,496000,5683482
2/6/2010,466000,5597271
2/13/2010,489000,5546388
2/20/2010,500000,5596737
2/27/2010,488000,5544103
3/6/2010,472000,5405031
3/13/2010,478000,5357581
3/20/2010,472000,5207496
3/27/2010,459000,5055002
4/3/2010,479000,4987473
4/10/2010,479000,4931238
4/17/2010,469000,4796318
4/24/2010,449000,4671227
5/1/2010,451000,4549602
5/8/2010,451000,4471786
5/15/2010,474000,4411435
5/22/2010,463000,4380562
5/29/2010,458000,4202202
6/5/2010,459000,4319021
6/12/2010,467000,4306402
6/19/2010,452000,4328074
6/26/2010,464000,4309375
7/3/2010,454000,4384591
7/10/2010,439000,4562782
7/17/2010,462000,4554316
7/24/2010,465000,4438886
7/31/2010,476000,4333445
8/7/2010,483000,4281074
8/14/2010,486000,4219639
8/21/2010,464000,4125414
8/28/2010,467000,4138965
9/4/2010,452000,3933895
9/11/2010,444000,3930908
9/18/2010,459000,3810921
9/25/2010,459000,3779910
10/2/2010,446000,3705947
10/9/2010,459000,3715967
10/16/2010,444000,3769438
10/23/2010,432000,3759365
10/30/2010,453000,3783097
11/6/2010,434000,3735938
11/13/2010,432000,3871043
11/20/2010,407000,3665787
11/27/2010,432000,4216488
12/4/2010,428000,4062531
12/11/2010,425000,4179504
12/18/2010,424000,4116684
12/25/2010,404000,4415512
1/1/2011,413000,4790155
1/8/2011,434000,4652805
1/15/2011,421000,4614149
1/22/2011,446000,4632950
1/29/2011,420000,4605543
2/5/2011,402000,4575640
2/12/2011,425000,4587740
2/19/2011,394000,4344862
2/26/2011,385000,4460146
3/5/2011,414000,4296805
3/12/2011,404000,4277092
3/19/2011,407000,4131066
3/26/2011,399000,4085667
4/2/2011,395000,3943591
4/9/2011,416000,3893218
4/16/2011,402000,3783787
4/23/2011,422000,3769810
4/30/2011,468000,3723271
5/7/2011,435000,3586266
5/14/2011,414000,3549972
5/21/2011,423000,3510507
5/28/2011,418000,3426345
6/4/2011,423000,3491359
6/11/2011,413000,3491533
6/18/2011,416000,3511416
6/25/2011,421000,3555831
7/2/2011,418000,3534925
7/9/2011,408000,3783316
7/16/2011,420000,3752532
7/23/2011,411000,3680729
7/30/2011,406000,3580433
8/6/2011,405000,3553649
8/13/2011,409000,3557586
8/20/2011,415000,3473182
8/27/2011,409000,3436188
9/3/2011,414000,3293105
9/10/2011,429000,3306720
9/17/2011,422000,3207559
9/24/2011,406000,3165909
10/1/2011,405000,3113245
10/8/2011,410000,3133644
10/15/2011,395000,3196554
10/22/2011,403000,3199527
10/29/2011,399000,3210417
11/5/2011,392000,3177477
11/12/2011,383000,3374259
11/19/2011,385000,3167053
11/26/2011,397000,3696154
12/3/2011,387000,3540663
12/10/2011,368000,3628343
12/17/2011,368000,3613414
12/24/2011,386000,3779025
12/31/2011,376000,4161063
1/7/2012,391000,4109127
1/14/2012,367000,4069651
1/21/2012,381000,4058236
1/28/2012,372000,4097013
2/4/2012,368000,3984889
2/11/2012,361000,4010489
2/18/2012,359000,3882527
2/25/2012,365000,3988890
3/3/2012,375000,3862329
3/10/2012,369000,3815580
3/17/2012,368000,3699473
3/24/2012,363000,3636712
3/31/2012,358000,3470104
4/7/2012,387000,3448040
4/14/2012,381000,3425138
4/21/2012,387000,3292783
4/28/2012,372000,3210670
5/5/2012,373000,3150177
5/12/2012,369000,3124324
5/19/2012,371000,3060148
5/26/2012,381000,3062538
6/2/2012,377000,3091216
6/9/2012,383000,3101927
6/16/2012,384000,3113846
6/23/2012,380000,3145031
6/30/2012,372000,3112199
7/7/2012,360000,3360067
7/14/2012,390000,3336728
7/21/2012,368000,3246888
7/28/2012,372000,3242883
8/4/2012,371000,3180011
8/11/2012,369000,3167174
8/18/2012,376000,3117558
8/25/2012,377000,3085324
9/1/2012,371000,2930825
9/8/2012,393000,2927923
9/15/2012,392000,2841521
9/22/2012,377000,2822093
9/29/2012,376000,2786146
10/6/2012,350000,2754663
10/13/2012,386000,2816677
10/20/2012,374000,2838463
10/27/2012,364000,2784503
11/3/2012,365000,2964164
11/10/2012,446000,2946437
11/17/2012,406000,2836478
11/24/2012,388000,3316536
12/1/2012,375000,3175601
12/8/2012,340000,3245480
12/15/2012,356000,3255119
12/22/2012,362000,3285394
12/29/2012,362000,3730872
1/5/2013,363000,3868120
1/12/2013,344000,3707375
1/19/2013,339000,3671018
1/26/2013,366000,3736830
2/2/2013,361000,3661840
2/9/2013,347000,3663619
2/16/2013,362000,3531404
2/23/2013,342000,3606019
3/2/2013,340000,3495559
3/9/2013,343000,3453312
3/16/2013,343000,3394036
3/23/2013,358000,3344342
3/30/2013,375000,3286211
4/6/2013,359000,3195675
4/13/2013,356000,3096325
4/20/2013,343000,3020992
4/27/2013,331000,2963249
5/4/2013,335000,2883832
5/11/2013,360000,2769495
5/18/2013,343000,2799681
5/25/2013,353000,2734582
6/1/2013,346000,2771143
6/8/2013,337000,2772541
6/15/2013,353000,2801508
6/22/2013,347000,2778190
6/29/2013,340000,2807991
7/6/2013,351000,3146960
7/13/2013,344000,3047517
7/20/2013,355000,2920771
7/27/2013,334000,2952831
8/3/2013,339000,2853207
8/10/2013,327000,2873345
8/17/2013,340000,2819994
8/24/2013,336000,2737229
8/31/2013,325000,2512460
9/7/2013,300000,2499855
9/14/2013,323000,2456548
9/21/2013,314000,2513759
9/28/2013,319000,2476262
10/5/2013,368000,2437325
10/12/2013,368000,2465939
10/19/2013,351000,2525254
10/26/2013,347000,2511754
11/2/2013,342000,2510618
11/9/2013,340000,2556519
11/16/2013,331000,2689171
11/23/2013,316000,2506700
11/30/2013,312000,2970677
12/7/2013,354000,2880807
12/14/2013,364000,3004483
12/21/2013,334000,2854624
12/28/2013,332000,3298387
1/4/2014,322000,3611093
1/11/2014,318000,3487905
1/18/2014,327000,3373217
1/25/2014,340000,3422557
2/1/2014,331000,3440027
2/8/2014,337000,3411217
2/15/2014,332000,3367239
2/22/2014,341000,3375731
3/1/2014,319000,3277983
3/8/2014,322000,3233107
3/15/2014,321000,3132104
3/22/2014,313000,3090665
3/29/2014,330000,2942180
4/5/2014,311000,2853279
4/12/2014,308000,2757378
4/19/2014,327000,2766506
4/26/2014,345000,2641583
5/3/2014,325000,2559236
5/10/2014,303000,2494495
5/17/2014,324000,2455022
5/24/2014,305000,2394378
5/31/2014,312000,2424134
6/7/2014,317000,2387182
6/14/2014,314000,2413778
6/21/2014,315000,2412611
6/28/2014,308000,2395821
7/5/2014,302000,2558065
7/12/2014,308000,2563164
7/19/2014,294000,2524006
7/26/2014,303000,2481360
8/2/2014,295000,2462156
8/9/2014,309000,2412394
8/16/2014,303000,2403823
8/23/2014,300000,2319238
8/30/2014,303000,2212896
9/6/2014,307000,2167651
9/13/2014,288000,2115326
9/20/2014,295000,2070228
9/27/2014,290000,2031751
10/4/2014,293000,2018858
10/11/2014,281000,2006710
10/18/2014,290000,2081161
10/25/2014,291000,2045437
11/1/2014,280000,2116640
11/8/2014,291000,2067337
11/15/2014,293000,2193628
11/22/2014,303000,2102005
11/29/2014,291000,2515910
12/6/2014,291000,2354533
12/13/2014,286000,2478752
12/20/2014,276000,2352296
12/27/2014,285000,2795271
1/3/2015,294000,2990368
1/10/2015,304000,2911674
1/17/2015,298000,2784735
1/24/2015,261000,2827617
1/31/2015,281000,2795975
2/7/2015,298000,2809938
2/14/2015,285000,2752771
2/21/2015,305000,2835373
2/28/2015,317000,2804577
3/7/2015,293000,2729749
3/14/2015,290000,2705148
3/21/2015,284000,2564097
3/28/2015,269000,2476255
4/4/2015,282000,2381913
4/11/2015,298000,2389911
4/18/2015,295000,2281070
4/25/2015,269000,2199763
5/2/2015,267000,2138615
5/9/2015,271000,2079285
5/16/2015,276000,2079191
5/23/2015,281000,2018773
5/30/2015,275000,2096986
6/6/2015,278000,2056174
6/13/2015,269000,2102652
6/20/2015,273000,2106077
6/27/2015,275000,2138353
7/4/2015,292000,2235705
7/11/2015,285000,2255273
7/18/2015,265000,2258311
7/25/2015,269000,2214919
8/1/2015,270000,2209980
8/8/2015,274000,2161191
8/15/2015,279000,2163709
8/22/2015,274000,2108101
8/29/2015,279000,2061930
9/5/2015,273000,1942822
9/12/2015,264000,1938894
9/19/2015,269000,1876960
9/26/2015,272000,1870678
10/3/2015,267000,1816410
10/10/2015,265000,1826779
10/17/2015,264000,1860474
10/24/2015,264000,1874526
10/31/2015,275000,1900517
11/7/2015,276000,1905959
11/14/2015,272000,2006025
11/21/2015,261000,1891197
11/28/2015,265000,2299417
12/5/2015,280000,2206522
12/12/2015,268000,2286725
12/19/2015,260000,2191682
12/26/2015,276000,2502457
1/2/2016,273000,2803326
1/9/2016,284000,2680476
1/16/2016,290000,2656738
1/23/2016,269000,2688858
1/30/2016,282000,2680598
2/6/2016,266000,2657981
2/13/2016,262000,2612427
2/20/2016,270000,2670398
2/27/2016,269000,2600820
3/5/2016,255000,2548304
3/12/2016,263000,2492144
3/19/2016,264000,2409099
3/26/2016,271000,2375518
4/2/2016,273000,2280430
4/9/2016,263000,2211972
4/16/2016,257000,2154608
4/23/2016,259000,2094406
4/30/2016,278000,2080555
5/7/2016,289000,2014816
5/14/2016,279000,2009243
5/21/2016,267000,1975916
5/28/2016,263000,1939391
6/4/2016,265000,1982999
6/11/2016,273000,1994248
6/18/2016,261000,2009079
6/25/2016,262000,2044616
7/2/2016,255000,2037038
7/9/2016,252000,2161272
7/16/2016,260000,2143920
7/23/2016,264000,2104590
7/30/2016,266000,2110850
8/6/2016,265000,2083250
8/13/2016,264000,2061744
8/20/2016,264000,2021172
8/27/2016,261000,1972966
9/3/2016,257000,1867279
9/10/2016,252000,1835919
9/17/2016,250000,1756097
9/24/2016,247000,1744083
10/1/2016,245000,1709974
10/8/2016,250000,1706702
10/15/2016,263000,1739879
10/22/2016,256000,1741961
10/29/2016,265000,1763155
11/5/2016,250000,1740791
11/12/2016,232000,1857234
11/19/2016,246000,1746231
11/26/2016,255000,2070694
12/3/2016,248000,1996669
12/10/2016,252000,2097013
12/17/2016,260000,2117870
12/24/2016,257000,2253543
12/31/2016,244000,2467654
1/7/2017,245000,2518545
1/14/2017,240000,2464292
1/21/2017,250000,2494547
1/28/2017,241000,2482809
2/4/2017,230000,2464850
2/11/2017,233000,2489682
2/18/2017,237000,2392472
2/25/2017,221000,2447592
3/4/2017,236000,2349381
3/11/2017,228000,2281836
3/18/2017,235000,2283882
3/25/2017,236000,2221962
4/1/2017,216000,2136831
4/8/2017,222000,2042394
4/15/2017,231000,2012236
4/22/2017,238000,1948731
4/29/2017,232000,1852170
5/6/2017,233000,1781847
5/13/2017,234000,1783911
5/20/2017,236000,1759705
5/27/2017,253000,1751112
6/3/2017,251000,1783314
6/10/2017,245000,1795184
6/17/2017,249000,1811385
6/24/2017,247000,1867478
7/1/2017,256000,1839969
7/8/2017,259000,1996804
7/15/2017,245000,1973777
7/22/2017,249000,1939674
7/29/2017,245000,1920454
8/5/2017,254000,1889713
8/12/2017,245000,1885774
8/19/2017,245000,1841596
8/26/2017,247000,1812487
9/2/2017,297000,1699145
9/9/2017,280000,1738986
9/16/2017,261000,1622607
9/23/2017,264000,1614906
9/30/2017,260000,1582806
10/7/2017,252000,1566253
10/14/2017,235000,1603587
10/21/2017,241000,1608736
10/28/2017,241000,1631860
11/4/2017,248000,1623213
11/11/2017,254000,1724422
11/18/2017,246000,1618630
11/25/2017,243000,1957137
12/2/2017,241000,1869012
12/9/2017,229000,1968105
12/16/2017,244000,1985967
12/23/2017,251000,2066441
12/30/2017,248000,2301683
1/6/2018,252000,2416489
1/13/2018,230000,2287734
1/20/2018,231000,2376238
1/27/2018,228000,2310659
2/3/2018,224000,2323553
2/10/2018,225000,2260662
2/17/2018,219000,2258815
2/24/2018,216000,2232578
3/3/2018,228000,2193796
3/10/2018,223000,2108273
3/17/2018,225000,2111985
3/24/2018,221000,2003104
3/31/2018,232000,2001558
4/7/2018,234000,1929729
4/14/2018,236000,1865447
4/21/2018,207000,1738881
4/28/2018,209000,1724410
5/5/2018,211000,1595249
5/12/2018,222000,1604119
5/19/2018,230000,1574005
5/26/2018,222000,1573324
6/2/2018,223000,1559759
6/9/2018,222000,1588055
6/16/2018,218000,1585979
6/23/2018,222000,1645954
6/30/2018,228000,1636791
7/7/2018,216000,1772705
7/14/2018,205000,1760512
7/21/2018,210000,1710317
7/28/2018,207000,1729890
8/4/2018,210000,1678892
8/11/2018,206000,1668840
8/18/2018,207000,1624222
8/25/2018,211000,1600035
9/1/2018,201000,1494794
9/8/2018,204000,1461553
9/15/2018,206000,1412803
9/22/2018,205000,1395338
9/29/2018,210000,1369317
10/6/2018,211000,1350834
10/13/2018,208000,1370783
10/20/2018,217000,1383438
10/27/2018,216000,1392026
11/3/2018,218000,1436650
11/10/2018,221000,1447041
11/17/2018,225000,1437625
11/24/2018,237000,1665498
12/1/2018,232000,1649838
12/8/2018,208000,1722153
12/15/2018,217000,1764701
12/22/2018,228000,1798455
12/29/2018,238000,2076626
1/5/2019,225000,2172537
1/12/2019,218000,2090268
1/19/2019,214000,2124743
1/26/2019,234000,2098575
2/2/2019,232000,2142462
2/9/2019,226000,2084361
2/16/2019,211000,2125992
2/23/2019,221000,2112404
3/2/2019,216000,2088410
3/9/2019,218000,2008348
3/16/2019,212000,2009317
3/23/2019,210000,1908355
3/30/2019,203000,1861690
4/6/2019,196000,1730108
4/13/2019,197000,1703576
4/20/2019,222000,1647874
4/27/2019,224000,1633529
5/4/2019,225000,1539086
5/11/2019,212000,1543472
5/18/2019,215000,1509265
5/25/2019,222000,1521741
6/1/2019,223000,1538065
6/8/2019,226000,1522665
6/15/2019,217000,1558646
6/22/2019,234000,1588879
6/29/2019,226000,1610633
7/6/2019,215000,1702745
7/13/2019,211000,1697505
7/20/2019,202000,1680029
7/27/2019,206000,1665287
8/3/2019,208000,1679471
8/10/2019,212000,1619391
8/17/2019,207000,1615803
8/24/2019,213000,1566934
8/31/2019,215000,1476199
9/7/2019,207000,1465554
9/14/2019,205000,1399601
9/21/2019,211000,1383346
9/28/2019,215000,1392109
10/5/2019,209000,1369887
10/12/2019,215000,1386868
10/19/2019,210000,1419512
10/26/2019,215000,1423681
11/2/2019,214000,1450304
11/9/2019,227000,1460773
11/16/2019,229000,1545007
11/23/2019,221000,1508294
11/30/2019,231000,1754590
12/7/2019,247000,1728066
12/14/2019,236000,1798885
12/21/2019,230000,1776317
12/28/2019,231000,2145748
1/4/2020,222000,2251286
1/11/2020,207000,2142711
1/18/2020,221000,2082416
1/25/2020,208000,2154866
2/1/2020,205000,2088693
2/8/2020,202000,2100473
2/15/2020,207000,2062380
2/22/2020,217000,2103967
2/29/2020,213000,2055782
3/7/2020,207000,1977774
3/14/2020,271000,2072982
3/21/2020,2914000,3409946
3/28/2020,5946000,8155772
4/4/2020,6137000,12445761
4/11/2020,4869000,16257569
4/18/2020,4201000,17771539
4/25/2020,3446000,21750455
5/2/2020,2796000,20855239
5/9/2020,2335000,23037921
5/16/2020,2176000,19038443
5/23/2020,1921000,19117418
5/30/2020,1639000,19119534
6/6/2020,1575000,18687210
6/13/2020,1473000,17824245
6/20/2020,1467000,17518701
6/27/2020,1446000,16610187
7/4/2020,1413000,17393811
7/11/2020,1468000,16396755
7/18/2020,1393000,16882651
7/25/2020,1260000,15912870
8/1/2020,1044000,15254647
8/8/2020,884000,14155561
8/15/2020,927000,13839981
8/22/2020,876000,13111405
8/29/2020,881000,13325312
9/5/2020,892000,12408041
9/12/2020,861000,12391859
9/19/2020,859000,11037698
9/26/2020,795000,10156207
10/3/2020,785000,8917793
10/10/2020,839000,8079336
10/17/2020,804000,7458507
10/24/2020,776000,6856962
10/31/2020,773000,6463798
11/7/2020,737000,6061953
11/14/2020,738000,5917243
11/21/2020,793000,5233699
11/28/2020,737000,5790244
12/5/2020,873000,5479766
12/12/2020,886000,5415955
12/19/2020,815000,5225786
12/26/2020,773000,5362308
1/2/2021,803000,5756886
1/9/2021,890000,5479170
1/16/2021,844000,5189122
1/23/2021,799000,5172094
1/30/2021,803000,5016190
2/6/2021,812000,4948967
2/13/2021,802000,4804914
2/20/2021,702000,4820155
2/27/2021,704000,4539713
3/6/2021,693000,4461608
3/13/2021,699000,4200385
3/20/2021,627000,4069329
3/27/2021,658000,4002030
4/3/2021,645000,3902729
4/10/2021,571000,3828584
4/17/2021,566000,3776395
4/24/2021,574000,3763243
5/1/2021,517000,3688043
5/8/2021,494000,3666448
5/15/2021,467000,3502467
5/22/2021,441000,3499487
5/29/2021,427000,3333477
6/5/2021,420000,3296139
6/12/2021,428000,3228357
6/19/2021,422000,3282102
6/26/2021,372000,3233414
7/3/2021,370000,3121875
7/10/2021,339000,3259565
7/17/2021,388000,3260889
7/24/2021,381000,2922698
7/31/2021,381000,2849196
8/7/2021,361000,2806138
8/14/2021,368000,2807966
8/21/2021,360000,2673190
8/28/2021,353000,2660507
9/4/2021,338000,2376245
9/11/2021,344000,2505265
9/18/2021,367000,2469313
9/25/2021,369000,2395401
10/2/2021,315000,2259403
10/9/2021,291000,2166061
10/16/2021,291000,1984074
10/23/2021,268000,1881734
10/30/2021,261000,1950768
11/6/2021,251000,1781793
11/13/2021,248000,1818308
11/20/2021,223000,1559780
11/27/2021,222000,1962434
12/4/2021,208000,1733785
12/11/2021,228000,1827028
12/18/2021,213000,1637701
12/25/2021,195000,1868469
1/1/2022,225000,2061856
1/8/2022,247000,2072681
1/15/2022,244000,2009022
1/22/2022,237000,2043402
1/29/2022,230000,2005387
2/5/2022,209000,1980368
2/12/2022,232000,1918036
2/19/2022,222000,1859328
2/26/2022,208000,1917459
3/5/2022,220000,1810381
3/12/2022,215000,1727708
3/19/2022,206000,1676374
3/26/2022,212000,1654359
4/2/2022,213000,1569797
4/9/2022,215000,1467346
4/16/2022,209000,1441824
4/23/2022,210000,1403640
4/30/2022,219000,1332072
5/7/2022,206000,1283158
5/14/2022,224000,1290047
5/21/2022,212000,1256209
5/28/2022,201000,1256450
6/4/2022,215000,1270456
6/11/2022,214000,1288323
6/18/2022,216000,1302015
6/25/2022,213000,1372008
7/2/2022,214000,1327199
7/9/2022,216000,1450142
7/16/2022,217000,1443848
7/23/2022,221000,1451592
7/30/2022,229000,1457158
8/6/2022,221000,1423854
8/13/2022,220000,1414317
8/20/2022,216000,1390837
8/27/2022,210000,1365751
9/3/2022,205000,1273057
9/10/2022,197000,1278853
9/17/2022,202000,1224496
9/24/2022,187000,1233270
10/1/2022,204000,1201432
10/8/2022,207000,1199269
10/15/2022,200000,1226861
10/22/2022,201000,1239975
10/29/2022,202000,1267368
11/5/2022,204000,1230153
11/12/2022,208000,1342834
11/19/2022,219000,1261674
11/26/2022,209000,1561449
12/3/2022,210000,1503416
12/10/2022,211000,1594527
12/17/2022,211000,1577004
12/24/2022,207000,1710626
12/31/2022,203000,1870051
1/7/2023,207000,1908639
1/14/2023,203000,1863962
1/21/2023,202000,1911213
1/28/2023,199000,1925707
2/4/2023,214000,1948437
2/11/2023,217000,1928688
2/18/2023,215000,1891796
2/25/2023,208000,1970054
3/4/2023,227000,1910050
3/11/2023,221000,1878293
3/18/2023,228000,1877339
3/25/2023,232000,1841752
4/1/2023,216000,1792755
4/8/2023,220000,1785781
4/15/2023,224000,1749975
4/22/2023,209000,1687739
4/29/2023,214000,1658533
5/6/2023,225000,1610523
5/13/2023,225000,1610901
5/20/2023,227000,1608222
5/27/2023,231000,1593705
6/3/2023,255000,1647848
6/10/2023,260000,1670300
6/17/2023,261000,1674548
6/24/2023,238000,1737351
7/1/2023,248000,1724280
7/8/2023,232000,1887928
7/15/2023,231000,1835614
7/22/2023,231000,1827375
7/29/2023,240000,1809776
8/5/2023,258000,1814133
8/12/2023,248000,1802463
8/19/2023,241000,1789862
8/26/2023,234000,1747737
9/2/2023,228000,1655840
9/9/2023,227000,1645927
9/16/2023,210000,1588285
9/23/2023,213000,1585277
9/30/2023,216000,1555186
10/7/2023,211000,1542397
10/14/2023,202000,1572658
10/21/2023,213000,1574484
10/28/2023,216000,1607728
11/4/2023,216000,1578949
11/11/2023,228000,1654732
11/18/2023,213000,1555598
11/25/2023,213000,1845084
12/2/2023,216000,1767271
12/9/2023,205000,1835427
12/16/2023,207000,1836540
12/23/2023,213000,1902100
12/30/2023,198000,2104272
1/6/2024,198000,2122562
1/13/2024,194000,2053299
1/20/2024,221000,2181430
1/27/2024,225000,2130017
2/3/2024,213000,2139970
2/10/2024,211000,2092801
2/17/2024,200000,2091454
2/24/2024,213000,2113068
3/2/2024,210000,2078605
3/9/2024,212000,2008778
3/16/2024,212000,2012615
3/23/2024,212000,1937973
3/30/2024,222000,1928015
4/6/2024,212000,1848822
4/13/2024,212000,1812810
4/20/2024,208000,1753450
4/27/2024,209000,1743442
5/4/2024,232000,1686175
5/11/2024,223000,1686781
5/18/2024,216000,1666644
5/25/2024,221000,1670549
6/1/2024,229000,1708154
6/8/2024,243000,1727760
6/15/2024,239000,1747949
6/22/2024,234000,1820783
6/29/2024,239000,1795069
7/6/2024,223000,1945771
7/13/2024,245000,1913683
7/20/2024,235000,1934414
7/27/2024,250000,1906471
8/3/2024,234000,1883315
8/10/2024,228000,1857108
8/17/2024,233000,1843165
8/24/2024,232000,1800473
8/31/2024,228000,1704572
9/7/2024,231000,1671779
9/14/2024,222000,1628010
9/21/2024,219000,1613656
9/28/2024,225000,1614322
10/5/2024,260000,1598184
10/12/2024,242000,1627756
10/19/2024,228000,1616065
10/26/2024,218000,1646905
11/2/2024,221000,1647874
11/9/2024,217000,
